"id","name","code","department_id"
"1","Medellín","05001","2"
"2","Abejorral","05002","2"
"3","Abriaquí","05004","2"
"4","Alejandría","05021","2"
"5","Amagá","05030","2"
"6","Amalfi","05031","2"
"7","Andes","05034","2"
"8","Angelópolis","05036","2"
"9","Angostura","05038","2"
"10","Anorí","05040","2"
"11","Santa Fé De Antioquia","05042","2"
"12","Anzá","05044","2"
"13","Apartadó","05045","2"
"14","Arboletes","05051","2"
"15","Argelia","05055","2"
"16","Armenia","05059","2"
"17","Barbosa","05079","2"
"18","Belmira","05086","2"
"19","Bello","05088","2"
"20","Betania","05091","2"
"21","Betulia","05093","2"
"22","Ciudad Bolívar ","05101","2"
"23","Briceño","05107","2"
"24","Buriticá","05113","2"
"25","Cáceres","05120","2"
"26","Caicedo","05125","2"
"27","Caldas","05129","2"
"28","Campamento","05134","2"
"29","Cañasgordas","05138","2"
"30","Caracolí","05142","2"
"31","Caramanta","05145","2"
"32","Carepa","05147","2"
"33","El Carmen De Viboral","05148","2"
"34","Carolina","05150","2"
"35","Caucasia","05154","2"
"36","Chigorodó","05172","2"
"37","Cisneros","05190","2"
"38","Cocorná","05197","2"
"39","Concepción","05206","2"
"40","Concordia","05209","2"
"41","Copacabana","05212","2"
"42","Dabeiba","05234","2"
"43","Donmatías","05237","2"
"44","Ebéjico","05240","2"
"45","El Bagre ","05250","2"
"46","Entrerríos","05264","2"
"47","Envigado","05266","2"
"48","Fredonia","05282","2"
"49","Frontino","05284","2"
"50","Giraldo","05306","2"
"51","Girardota","05308","2"
"52","Gómez Plata ","05310","2"
"53","Granada","05313","2"
"54","Guadalupe","05315","2"
"55","Guarne","05318","2"
"56","Guatapé","05321","2"
"57","Heliconia","05347","2"
"58","Hispania","05353","2"
"59","Itagüí","05360","2"
"60","Ituango","05361","2"
"61","Jardín","05364","2"
"62","Jericó","05368","2"
"63","La Ceja ","05376","2"
"64","La Estrella ","05380","2"
"65","La Pintada ","05390","2"
"66","La Unión ","05400","2"
"67","Liborina","05411","2"
"68","Maceo","05425","2"
"69","Marinilla","05440","2"
"70","Montebello","05467","2"
"71","Murindó","05475","2"
"72","Mutatá","05480","2"
"73","Nariño","05483","2"
"74","Necoclí","05490","2"
"75","Nechí","05495","2"
"76","Olaya","05501","2"
"77","Peñol","05541","2"
"78","Peque","05543","2"
"79","Pueblorrico","05576","2"
"80","Puerto Berrío ","05579","2"
"81","Puerto Nare ","05585","2"
"82","Puerto Triunfo ","05591","2"
"83","Remedios","05604","2"
"84","Retiro","05607","2"
"85","Rionegro","05615","2"
"86","Sabanalarga","05628","2"
"87","Sabaneta","05631","2"
"88","Salgar","05642","2"
"89","San Andrés De Cuerquía","05647","2"
"90","San Carlos ","05649","2"
"91","San Francisco ","05652","2"
"92","San Jerónimo ","05656","2"
"93","San José De La Montaña ","05658","2"
"94","San Juan De Urabá","05659","2"
"95","San Luis ","05660","2"
"96","San Pedro De Los Milagros ","05664","2"
"97","San Pedro De Urabá","05665","2"
"98","San Rafael ","05667","2"
"99","San Roque ","05670","2"
"100","San Vicente Ferrer","05674","2"
"101","Santa Bárbara ","05679","2"
"102","Santa Rosa De Osos","05686","2"
"103","Santo Domingo ","05690","2"
"104","El Santuario ","05697","2"
"105","Segovia","05736","2"
"106","Sonsón","05756","2"
"107","Sopetrán","05761","2"
"108","Támesis","05789","2"
"109","Tarazá","05790","2"
"110","Tarso","05792","2"
"111","Titiribí","05809","2"
"112","Toledo","05819","2"
"113","Turbo","05837","2"
"114","Uramita","05842","2"
"115","Urrao","05847","2"
"116","Valdivia","05854","2"
"117","Valparaíso","05856","2"
"118","Vegachí","05858","2"
"119","Venecia","05861","2"
"120","Vigía Del Fuerte","05873","2"
"121","Yalí","05885","2"
"122","Yarumal","05887","2"
"123","Yolombó","05890","2"
"124","Yondó","05893","2"
"125","Zaragoza","05895","2"
"126","Barranquilla","08001","4"
"127","Baranoa","08078","4"
"128","Campo De La Cruz","08137","4"
"129","Candelaria","08141","4"
"130","Galapa","08296","4"
"131","Juan De Acosta","08372","4"
"132","Luruaco","08421","4"
"133","Malambo","08433","4"
"134","Manatí","08436","4"
"135","Palmar De Varela","08520","4"
"136","Piojó","08549","4"
"137","Polonuevo","08558","4"
"138","Ponedera","08560","4"
"139","Puerto Colombia ","08573","4"
"140","Repelón","08606","4"
"141","Sabanagrande","08634","4"
"142","Sabanalarga","08638","4"
"143","Santa Lucía ","08675","4"
"144","Santo Tomás ","08685","4"
"145","Soledad","08758","4"
"146","Suan","08770","4"
"147","Tubará","08832","4"
"148","Usiacurí","08849","4"
"149","Bogotá, D.c. ","11001","5"
"150","Cartagena De Indias","13001","6"
"151","Achí","13006","6"
"152","Altos Del Rosario","13030","6"
"153","Arenal","13042","6"
"154","Arjona","13052","6"
"155","Arroyohondo","13062","6"
"156","Barranco De Loba","13074","6"
"157","Calamar","13140","6"
"158","Cantagallo","13160","6"
"159","Cicuco","13188","6"
"160","Córdoba","13212","6"
"161","Clemencia","13222","6"
"162","El Carmen De Bolívar","13244","6"
"163","El Guamo ","13248","6"
"164","El Peñón ","13268","6"
"165","Hatillo De Loba","13300","6"
"166","Magangué","13430","6"
"167","Mahates","13433","6"
"168","Margarita","13440","6"
"169","María La Baja","13442","6"
"170","Montecristo","13458","6"
"171","Mompós","13468","6"
"172","Morales","13473","6"
"173","Norosí","13490","6"
"174","Pinillos","13549","6"
"175","Regidor","13580","6"
"176","Río Viejo ","13600","6"
"177","San Cristóbal ","13620","6"
"178","San Estanislao ","13647","6"
"179","San Fernando ","13650","6"
"180","San Jacinto ","13654","6"
"181","San Jacinto Del Cauca","13655","6"
"182","San Juan Nepomuceno","13657","6"
"183","San Martín De Loba","13667","6"
"184","San Pablo ","13670","6"
"185","Santa Catalina ","13673","6"
"186","Santa Rosa ","13683","6"
"187","Santa Rosa Del Sur","13688","6"
"188","Simití","13744","6"
"189","Soplaviento","13760","6"
"190","Talaigua Nuevo ","13780","6"
"191","Tiquisio","13810","6"
"192","Turbaco","13836","6"
"193","Turbaná","13838","6"
"194","Villanueva","13873","6"
"195","Zambrano","13894","6"
"196","Tunja","15001","7"
"197","Almeida","15022","7"
"198","Aquitania","15047","7"
"199","Arcabuco","15051","7"
"200","Belén","15087","7"
"201","Berbeo","15090","7"
"202","Betéitiva","15092","7"
"203","Boavita","15097","7"
"204","Boyacá","15104","7"
"205","Briceño","15106","7"
"206","Buenavista","15109","7"
"207","Busbanzá","15114","7"
"208","Caldas","15131","7"
"209","Campohermoso","15135","7"
"210","Cerinza","15162","7"
"211","Chinavita","15172","7"
"212","Chiquinquirá","15176","7"
"213","Chiscas","15180","7"
"214","Chita","15183","7"
"215","Chitaraque","15185","7"
"216","Chivatá","15187","7"
"217","Ciénega","15189","7"
"218","Cómbita","15204","7"
"219","Coper","15212","7"
"220","Corrales","15215","7"
"221","Covarachía","15218","7"
"222","Cubará","15223","7"
"223","Cucaita","15224","7"
"224","Cuítiva","15226","7"
"225","Chíquiza","15232","7"
"226","Chivor","15236","7"
"227","Duitama","15238","7"
"228","El Cocuy ","15244","7"
"229","El Espino ","15248","7"
"230","Firavitoba","15272","7"
"231","Floresta","15276","7"
"232","Gachantivá","15293","7"
"233","Gámeza","15296","7"
"234","Garagoa","15299","7"
"235","Guacamayas","15317","7"
"236","Guateque","15322","7"
"237","Guayatá","15325","7"
"238","Güicán De La Sierra","15332","7"
"239","Iza","15362","7"
"240","Jenesano","15367","7"
"241","Jericó","15368","7"
"242","Labranzagrande","15377","7"
"243","La Capilla ","15380","7"
"244","La Victoria ","15401","7"
"245","La Uvita ","15403","7"
"246","Villa De Leyva","15407","7"
"247","Macanal","15425","7"
"248","Maripí","15442","7"
"249","Miraflores","15455","7"
"250","Mongua","15464","7"
"251","Monguí","15466","7"
"252","Moniquirá","15469","7"
"253","Motavita","15476","7"
"254","Muzo","15480","7"
"255","Nobsa","15491","7"
"256","Nuevo Colón ","15494","7"
"257","Oicatá","15500","7"
"258","Otanche","15507","7"
"259","Pachavita","15511","7"
"260","Páez","15514","7"
"261","Paipa","15516","7"
"262","Pajarito","15518","7"
"263","Panqueba","15522","7"
"264","Pauna","15531","7"
"265","Paya","15533","7"
"266","Paz De Río","15537","7"
"267","Pesca","15542","7"
"268","Pisba","15550","7"
"269","Puerto Boyacá ","15572","7"
"270","Quípama","15580","7"
"271","Ramiriquí","15599","7"
"272","Ráquira","15600","7"
"273","Rondón","15621","7"
"274","Saboyá","15632","7"
"275","Sáchica","15638","7"
"276","Samacá","15646","7"
"277","San Eduardo ","15660","7"
"278","San José De Pare","15664","7"
"279","San Luis De Gaceno","15667","7"
"280","San Mateo ","15673","7"
"281","San Miguel De Sema","15676","7"
"282","San Pablo De Borbur","15681","7"
"283","Santana","15686","7"
"284","Santa María ","15690","7"
"285","Santa Rosa De Viterbo","15693","7"
"286","Santa Sofía ","15696","7"
"287","Sativanorte","15720","7"
"288","Sativasur","15723","7"
"289","Siachoque","15740","7"
"290","Soatá","15753","7"
"291","Socotá","15755","7"
"292","Socha","15757","7"
"293","Sogamoso","15759","7"
"294","Somondoco","15761","7"
"295","Sora","15762","7"
"296","Sotaquirá","15763","7"
"297","Soracá","15764","7"
"298","Susacón","15774","7"
"299","Sutamarchán","15776","7"
"300","Sutatenza","15778","7"
"301","Tasco","15790","7"
"302","Tenza","15798","7"
"303","Tibaná","15804","7"
"304","Tibasosa","15806","7"
"305","Tinjacá","15808","7"
"306","Tipacoque","15810","7"
"307","Toca","15814","7"
"308","Togüí","15816","7"
"309","Tópaga","15820","7"
"310","Tota","15822","7"
"311","Tununguá","15832","7"
"312","Turmequé","15835","7"
"313","Tuta","15837","7"
"314","Tutazá","15839","7"
"315","Úmbita","15842","7"
"316","Ventaquemada","15861","7"
"317","Viracachá","15879","7"
"318","Zetaquira","15897","7"
"319","Manizales","17001","8"
"320","Aguadas","17013","8"
"321","Anserma","17042","8"
"322","Aranzazu","17050","8"
"323","Belalcázar","17088","8"
"324","Chinchiná","17174","8"
"325","Filadelfia","17272","8"
"326","La Dorada ","17380","8"
"327","La Merced ","17388","8"
"328","Manzanares","17433","8"
"329","Marmato","17442","8"
"330","Marquetalia","17444","8"
"331","Marulanda","17446","8"
"332","Neira","17486","8"
"333","Norcasia","17495","8"
"334","Pácora","17513","8"
"335","Palestina","17524","8"
"336","Pensilvania","17541","8"
"337","Riosucio","17614","8"
"338","Risaralda","17616","8"
"339","Salamina","17653","8"
"340","Samaná","17662","8"
"341","San José ","17665","8"
"342","Supía","17777","8"
"343","Victoria","17867","8"
"344","Villamaría","17873","8"
"345","Viterbo","17877","8"
"346","Florencia","18001","9"
"347","Albania","18029","9"
"348","Belén De Los Andaquíes","18094","9"
"349","Cartagena Del Chairá","18150","9"
"350","Curillo","18205","9"
"351","El Doncello ","18247","9"
"352","El Paujíl ","18256","9"
"353","La Montañita ","18410","9"
"354","Milán","18460","9"
"355","Morelia","18479","9"
"356","Puerto Rico ","18592","9"
"357","San José Del Fragua","18610","9"
"358","San Vicente Del Caguán","18753","9"
"359","Solano","18756","9"
"360","Solita","18785","9"
"361","Valparaíso","18860","9"
"362","Popayán","19001","11"
"363","Almaguer","19022","11"
"364","Argelia","19050","11"
"365","Balboa","19075","11"
"366","Bolívar","19100","11"
"367","Buenos Aires ","19110","11"
"368","Cajibío","19130","11"
"369","Caldono","19137","11"
"370","Caloto","19142","11"
"371","Corinto","19212","11"
"372","El Tambo ","19256","11"
"373","Florencia","19290","11"
"374","Guachené","19300","11"
"375","Guapí","19318","11"
"376","Inzá","19355","11"
"377","Jambaló","19364","11"
"378","La Sierra ","19392","11"
"379","La Vega ","19397","11"
"380","López De Micay","19418","11"
"381","Mercaderes","19450","11"
"382","Miranda","19455","11"
"383","Morales","19473","11"
"384","Padilla","19513","11"
"385","Páez","19517","11"
"386","Patía","19532","11"
"387","Piamonte","19533","11"
"388","Piendamó - Tunía","19548","11"
"389","Puerto Tejada ","19573","11"
"390","Puracé","19585","11"
"391","Rosas","19622","11"
"392","San Sebastián ","19693","11"
"393","Santander De Quilichao","19698","11"
"394","Santa Rosa ","19701","11"
"395","Silvia","19743","11"
"396","Sotara","19760","11"
"397","Suárez","19780","11"
"398","Sucre","19785","11"
"399","Timbío","19807","11"
"400","Timbiquí","19809","11"
"401","Toribío","19821","11"
"402","Totoró","19824","11"
"403","Villa Rica ","19845","11"
"404","Valledupar","20001","12"
"405","Aguachica","20011","12"
"406","Agustín Codazzi ","20013","12"
"407","Astrea","20032","12"
"408","Becerril","20045","12"
"409","Bosconia","20060","12"
"410","Chimichagua","20175","12"
"411","Chiriguaná","20178","12"
"412","Curumaní","20228","12"
"413","El Copey ","20238","12"
"414","El Paso ","20250","12"
"415","Gamarra","20295","12"
"416","González","20310","12"
"417","La Gloria ","20383","12"
"418","La Jagua De Ibirico","20400","12"
"419","Manaure Balcón Del Cesar","20443","12"
"420","Pailitas","20517","12"
"421","Pelaya","20550","12"
"422","Pueblo Bello ","20570","12"
"423","Río De Oro","20614","12"
"424","La Paz ","20621","12"
"425","San Alberto ","20710","12"
"426","San Diego ","20750","12"
"427","San Martín ","20770","12"
"428","Tamalameque","20787","12"
"429","Montería","23001","14"
"430","Ayapel","23068","14"
"431","Buenavista","23079","14"
"432","Canalete","23090","14"
"433","Cereté","23162","14"
"434","Chimá","23168","14"
"435","Chinú","23182","14"
"436","Ciénaga De Oro","23189","14"
"437","Cotorra","23300","14"
"438","La Apartada ","23350","14"
"439","Lorica","23417","14"
"440","Los Córdobas ","23419","14"
"441","Momil","23464","14"
"442","Montelíbano","23466","14"
"443","Moñitos","23500","14"
"444","Planeta Rica ","23555","14"
"445","Pueblo Nuevo ","23570","14"
"446","Puerto Escondido ","23574","14"
"447","Puerto Libertador ","23580","14"
"448","Purísima De La Concepción","23586","14"
"449","Sahagún","23660","14"
"450","San Andrés De Sotavento","23670","14"
"451","San Antero ","23672","14"
"452","San Bernardo Del Viento","23675","14"
"453","San Carlos ","23678","14"
"454","San José De Uré","23682","14"
"455","San Pelayo ","23686","14"
"456","Tierralta","23807","14"
"457","Tuchín","23815","14"
"458","Valencia","23855","14"
"459","Agua De Dios","25001","15"
"460","Albán","25019","15"
"461","Anapoima","25035","15"
"462","Anolaima","25040","15"
"463","Arbeláez","25053","15"
"464","Beltrán","25086","15"
"465","Bituima","25095","15"
"466","Bojacá","25099","15"
"467","Cabrera","25120","15"
"468","Cachipay","25123","15"
"469","Cajicá","25126","15"
"470","Caparrapí","25148","15"
"471","Cáqueza","25151","15"
"472","Carmen De Carupa","25154","15"
"473","Chaguaní","25168","15"
"474","Chía","25175","15"
"475","Chipaque","25178","15"
"476","Choachí","25181","15"
"477","Chocontá","25183","15"
"478","Cogua","25200","15"
"479","Cota","25214","15"
"480","Cucunubá","25224","15"
"481","El Colegio ","25245","15"
"482","El Peñón ","25258","15"
"483","El Rosal ","25260","15"
"484","Facatativá","25269","15"
"485","Fómeque","25279","15"
"486","Fosca","25281","15"
"487","Funza","25286","15"
"488","Fúquene","25288","15"
"489","Fusagasugá","25290","15"
"490","Gachalá","25293","15"
"491","Gachancipá","25295","15"
"492","Gachetá","25297","15"
"493","Gama","25299","15"
"494","Girardot","25307","15"
"495","Granada","25312","15"
"496","Guachetá","25317","15"
"497","Guaduas","25320","15"
"498","Guasca","25322","15"
"499","Guataquí","25324","15"
"500","Guatavita","25326","15"
"501","Guayabal De Síquima","25328","15"
"502","Guayabetal","25335","15"
"503","Gutiérrez","25339","15"
"504","Jerusalén","25368","15"
"505","Junín","25372","15"
"506","La Calera ","25377","15"
"507","La Mesa ","25386","15"
"508","La Palma ","25394","15"
"509","La Peña ","25398","15"
"510","La Vega ","25402","15"
"511","Lenguazaque","25407","15"
"512","Machetá","25426","15"
"513","Madrid","25430","15"
"514","Manta","25436","15"
"515","Medina","25438","15"
"516","Mosquera","25473","15"
"517","Nariño","25483","15"
"518","Nemocón","25486","15"
"519","Nilo","25488","15"
"520","Nimaima","25489","15"
"521","Nocaima","25491","15"
"522","Venecia","25506","15"
"523","Pacho","25513","15"
"524","Paime","25518","15"
"525","Pandi","25524","15"
"526","Paratebueno","25530","15"
"527","Pasca","25535","15"
"528","Puerto Salgar ","25572","15"
"529","Pulí","25580","15"
"530","Quebradanegra","25592","15"
"531","Quetame","25594","15"
"532","Quipile","25596","15"
"533","Apulo","25599","15"
"534","Ricaurte","25612","15"
"535","San Antonio Del Tequendama","25645","15"
"536","San Bernardo ","25649","15"
"537","San Cayetano ","25653","15"
"538","San Francisco ","25658","15"
"539","San Juan De Rioseco","25662","15"
"540","Sasaima","25718","15"
"541","Sesquilé","25736","15"
"542","Sibaté","25740","15"
"543","Silvania","25743","15"
"544","Simijaca","25745","15"
"545","Soacha","25754","15"
"546","Sopó","25758","15"
"547","Subachoque","25769","15"
"548","Suesca","25772","15"
"549","Supatá","25777","15"
"550","Susa","25779","15"
"551","Sutatausa","25781","15"
"552","Tabio","25785","15"
"553","Tausa","25793","15"
"554","Tena","25797","15"
"555","Tenjo","25799","15"
"556","Tibacuy","25805","15"
"557","Tibirita","25807","15"
"558","Tocaima","25815","15"
"559","Tocancipá","25817","15"
"560","Topaipí","25823","15"
"561","Ubalá","25839","15"
"562","Ubaque","25841","15"
"563","Villa De San Diego De Ubaté","25843","15"
"564","Une","25845","15"
"565","Útica","25851","15"
"566","Vergara","25862","15"
"567","Vianí","25867","15"
"568","Villagómez","25871","15"
"569","Villapinzón","25873","15"
"570","Villeta","25875","15"
"571","Viotá","25878","15"
"572","Yacopí","25885","15"
"573","Zipacón","25898","15"
"574","Zipaquirá","25899","15"
"575","Quibdó","27001","13"
"576","Acandí","27006","13"
"577","Alto Baudó ","27025","13"
"578","Atrato","27050","13"
"579","Bagadó","27073","13"
"580","Bahía Solano ","27075","13"
"581","Bajo Baudó ","27077","13"
"582","Bojayá","27099","13"
"583","El Cantón Del San Pablo ","27135","13"
"584","Carmen Del Darién","27150","13"
"585","Cértegui","27160","13"
"586","Condoto","27205","13"
"587","El Carmen De Atrato","27245","13"
"588","El Litoral Del San Juan ","27250","13"
"589","Istmina","27361","13"
"590","Juradó","27372","13"
"591","Lloró","27413","13"
"592","Medio Atrato ","27425","13"
"593","Medio Baudó ","27430","13"
"594","Medio San Juan","27450","13"
"595","Nóvita","27491","13"
"596","Nuquí","27495","13"
"597","Río Iró ","27580","13"
"598","Río Quito ","27600","13"
"599","Riosucio","27615","13"
"600","San José Del Palmar","27660","13"
"601","Sipí","27745","13"
"602","Tadó","27787","13"
"603","Unguía","27800","13"
"604","Unión Panamericana ","27810","13"
"605","Neiva","41001","18"
"606","Acevedo","41006","18"
"607","Agrado","41013","18"
"608","Aipe","41016","18"
"609","Algeciras","41020","18"
"610","Altamira","41026","18"
"611","Baraya","41078","18"
"612","Campoalegre","41132","18"
"613","Colombia","41206","18"
"614","Elías","41244","18"
"615","Garzón","41298","18"
"616","Gigante","41306","18"
"617","Guadalupe","41319","18"
"618","Hobo","41349","18"
"619","Íquira","41357","18"
"620","Isnos","41359","18"
"621","La Argentina ","41378","18"
"622","La Plata ","41396","18"
"623","Nátaga","41483","18"
"624","Oporapa","41503","18"
"625","Paicol","41518","18"
"626","Palermo","41524","18"
"627","Palestina","41530","18"
"628","Pital","41548","18"
"629","Pitalito","41551","18"
"630","Rivera","41615","18"
"631","Saladoblanco","41660","18"
"632","San Agustín ","41668","18"
"633","Santa María ","41676","18"
"634","Suaza","41770","18"
"635","Tarqui","41791","18"
"636","Tesalia","41797","18"
"637","Tello","41799","18"
"638","Teruel","41801","18"
"639","Timaná","41807","18"
"640","Villavieja","41872","18"
"641","Yaguará","41885","18"
"642","Riohacha","44001","19"
"643","Albania","44035","19"
"644","Barrancas","44078","19"
"645","Dibulla","44090","19"
"646","Distracción","44098","19"
"647","El Molino ","44110","19"
"648","Fonseca","44279","19"
"649","Hatonuevo","44378","19"
"650","La Jagua Del Pilar","44420","19"
"651","Maicao","44430","19"
"652","Manaure","44560","19"
"653","San Juan Del Cesar","44650","19"
"654","Uribia","44847","19"
"655","Urumita","44855","19"
"656","Villanueva","44874","19"
"657","Santa Marta ","47001","20"
"658","Algarrobo","47030","20"
"659","Aracataca","47053","20"
"660","Ariguaní","47058","20"
"661","Cerro De San Antonio","47161","20"
"662","Chivolo","47170","20"
"663","Ciénaga","47189","20"
"664","Concordia","47205","20"
"665","El Banco ","47245","20"
"666","El Piñón ","47258","20"
"667","El Retén ","47268","20"
"668","Fundación","47288","20"
"669","Guamal","47318","20"
"670","Nueva Granada ","47460","20"
"671","Pedraza","47541","20"
"672","Pijiño Del Carmen","47545","20"
"673","Pivijay","47551","20"
"674","Plato","47555","20"
"675","Puebloviejo","47570","20"
"676","Remolino","47605","20"
"677","Sabanas De San Ángel","47660","20"
"678","Salamina","47675","20"
"679","San Sebastián De Buenavista","47692","20"
"680","San Zenón ","47703","20"
"681","Santa Ana ","47707","20"
"682","Santa Bárbara De Pinto","47720","20"
"683","Sitionuevo","47745","20"
"684","Tenerife","47798","20"
"685","Zapayán","47960","20"
"686","Zona Bananera ","47980","20"
"687","Villavicencio","50001","21"
"688","Acacías","50006","21"
"689","Barranca De Upía","50110","21"
"690","Cabuyaro","50124","21"
"691","Castilla La Nueva","50150","21"
"692","Cubarral","50223","21"
"693","Cumaral","50226","21"
"694","El Calvario ","50245","21"
"695","El Castillo ","50251","21"
"696","El Dorado ","50270","21"
"697","Fuente De Oro","50287","21"
"698","Granada","50313","21"
"699","Guamal","50318","21"
"700","Mapiripán","50325","21"
"701","Mesetas","50330","21"
"702","La Macarena ","50350","21"
"703","Uribe","50370","21"
"704","Lejanías","50400","21"
"705","Puerto Concordia ","50450","21"
"706","Puerto Gaitán ","50568","21"
"707","Puerto López ","50573","21"
"708","Puerto Lleras ","50577","21"
"709","Puerto Rico ","50590","21"
"710","Restrepo","50606","21"
"711","San Carlos De Guaroa","50680","21"
"712","San Juan De Arama","50683","21"
"713","San Juanito ","50686","21"
"714","San Martín ","50689","21"
"715","Vistahermosa","50711","21"
"716","Pasto","52001","22"
"717","Albán","52019","22"
"718","Aldana","52022","22"
"719","Ancuyá","52036","22"
"720","Arboleda","52051","22"
"721","Barbacoas","52079","22"
"722","Belén","52083","22"
"723","Buesaco","52110","22"
"724","Colón","52203","22"
"725","Consacá","52207","22"
"726","Contadero","52210","22"
"727","Córdoba","52215","22"
"728","Cuaspúd","52224","22"
"729","Cumbal","52227","22"
"730","Cumbitara","52233","22"
"731","Chachagüí","52240","22"
"732","El Charco ","52250","22"
"733","El Peñol ","52254","22"
"734","El Rosario ","52256","22"
"735","El Tablón De Gómez","52258","22"
"736","El Tambo ","52260","22"
"737","Funes","52287","22"
"738","Guachucal","52317","22"
"739","Guaitarilla","52320","22"
"740","Gualmatán","52323","22"
"741","Iles","52352","22"
"742","Imués","52354","22"
"743","Ipiales","52356","22"
"744","La Cruz ","52378","22"
"745","La Florida ","52381","22"
"746","La Llanada ","52385","22"
"747","La Tola ","52390","22"
"748","La Unión ","52399","22"
"749","Leiva","52405","22"
"750","Linares","52411","22"
"751","Los Andes ","52418","22"
"752","Magüí","52427","22"
"753","Mallama","52435","22"
"754","Mosquera","52473","22"
"755","Nariño","52480","22"
"756","Olaya Herrera ","52490","22"
"757","Ospina","52506","22"
"758","Francisco Pizarro ","52520","22"
"759","Policarpa","52540","22"
"760","Potosí","52560","22"
"761","Providencia","52565","22"
"762","Puerres","52573","22"
"763","Pupiales","52585","22"
"764","Ricaurte","52612","22"
"765","Roberto Payán ","52621","22"
"766","Samaniego","52678","22"
"767","Sandoná","52683","22"
"768","San Bernardo ","52685","22"
"769","San Lorenzo ","52687","22"
"770","San Pablo ","52693","22"
"771","San Pedro De Cartago","52694","22"
"772","Santa Bárbara ","52696","22"
"773","Santacruz","52699","22"
"774","Sapuyes","52720","22"
"775","Taminango","52786","22"
"776","Tangua","52788","22"
"777","San Andrés De Tumaco","52835","22"
"778","Túquerres","52838","22"
"779","Yacuanquer","52885","22"
"780","San José De Cúcuta","54001","23"
"781","Ábrego","54003","23"
"782","Arboledas","54051","23"
"783","Bochalema","54099","23"
"784","Bucarasica","54109","23"
"785","Cácota","54125","23"
"786","Cáchira","54128","23"
"787","Chinácota","54172","23"
"788","Chitagá","54174","23"
"789","Convención","54206","23"
"790","Cucutilla","54223","23"
"791","Durania","54239","23"
"792","El Carmen ","54245","23"
"793","El Tarra ","54250","23"
"794","El Zulia ","54261","23"
"795","Gramalote","54313","23"
"796","Hacarí","54344","23"
"797","Herrán","54347","23"
"798","Labateca","54377","23"
"799","La Esperanza ","54385","23"
"800","La Playa ","54398","23"
"801","Los Patios ","54405","23"
"802","Lourdes","54418","23"
"803","Mutiscua","54480","23"
"804","Ocaña","54498","23"
"805","Pamplona","54518","23"
"806","Pamplonita","54520","23"
"807","Puerto Santander ","54553","23"
"808","Ragonvalia","54599","23"
"809","Salazar","54660","23"
"810","San Calixto ","54670","23"
"811","San Cayetano ","54673","23"
"812","Santiago","54680","23"
"813","Sardinata","54720","23"
"814","Silos","54743","23"
"815","Teorama","54800","23"
"816","Tibú","54810","23"
"817","Toledo","54820","23"
"818","Villa Caro ","54871","23"
"819","Villa Del Rosario","54874","23"
"820","Armenia","63001","25"
"821","Buenavista","63111","25"
"822","Calarcá","63130","25"
"823","Circasia","63190","25"
"824","Córdoba","63212","25"
"825","Filandia","63272","25"
"826","Génova","63302","25"
"827","La Tebaida ","63401","25"
"828","Montenegro","63470","25"
"829","Pijao","63548","25"
"830","Quimbaya","63594","25"
"831","Salento","63690","25"
"832","Pereira","66001","26"
"833","Apía","66045","26"
"834","Balboa","66075","26"
"835","Belén De Umbría","66088","26"
"836","Dosquebradas","66170","26"
"837","Guática","66318","26"
"838","La Celia ","66383","26"
"839","La Virginia ","66400","26"
"840","Marsella","66440","26"
"841","Mistrató","66456","26"
"842","Pueblo Rico ","66572","26"
"843","Quinchía","66594","26"
"844","Santa Rosa De Cabal","66682","26"
"845","Santuario","66687","26"
"846","Bucaramanga","68001","28"
"847","Aguada","68013","28"
"848","Albania","68020","28"
"849","Aratoca","68051","28"
"850","Barbosa","68077","28"
"851","Barichara","68079","28"
"852","Barrancabermeja","68081","28"
"853","Betulia","68092","28"
"854","Bolívar","68101","28"
"855","Cabrera","68121","28"
"856","California","68132","28"
"857","Capitanejo","68147","28"
"858","Carcasí","68152","28"
"859","Cepitá","68160","28"
"860","Cerrito","68162","28"
"861","Charalá","68167","28"
"862","Charta","68169","28"
"863","Chima","68176","28"
"864","Chipatá","68179","28"
"865","Cimitarra","68190","28"
"866","Concepción","68207","28"
"867","Confines","68209","28"
"868","Contratación","68211","28"
"869","Coromoro","68217","28"
"870","Curití","68229","28"
"871","El Carmen De Chucurí","68235","28"
"872","El Guacamayo ","68245","28"
"873","El Peñón ","68250","28"
"874","El Playón ","68255","28"
"875","Encino","68264","28"
"876","Enciso","68266","28"
"877","Florián","68271","28"
"878","Floridablanca","68276","28"
"879","Galán","68296","28"
"880","Gámbita","68298","28"
"881","Girón","68307","28"
"882","Guaca","68318","28"
"883","Guadalupe","68320","28"
"884","Guapotá","68322","28"
"885","Guavatá","68324","28"
"886","Güepsa","68327","28"
"887","Hato","68344","28"
"888","Jesús María ","68368","28"
"889","Jordán","68370","28"
"890","La Belleza ","68377","28"
"891","Landázuri","68385","28"
"892","La Paz ","68397","28"
"893","Lebrija","68406","28"
"894","Los Santos ","68418","28"
"895","Macaravita","68425","28"
"896","Málaga","68432","28"
"897","Matanza","68444","28"
"898","Mogotes","68464","28"
"899","Molagavita","68468","28"
"900","Ocamonte","68498","28"
"901","Oiba","68500","28"
"902","Onzaga","68502","28"
"903","Palmar","68522","28"
"904","Palmas Del Socorro","68524","28"
"905","Páramo","68533","28"
"906","Piedecuesta","68547","28"
"907","Pinchote","68549","28"
"908","Puente Nacional ","68572","28"
"909","Puerto Parra ","68573","28"
"910","Puerto Wilches ","68575","28"
"911","Rionegro","68615","28"
"912","Sabana De Torres","68655","28"
"913","San Andrés ","68669","28"
"914","San Benito ","68673","28"
"915","San Gil ","68679","28"
"916","San Joaquín ","68682","28"
"917","San José De Miranda","68684","28"
"918","San Miguel ","68686","28"
"919","San Vicente De Chucurí","68689","28"
"920","Santa Bárbara ","68705","28"
"921","Santa Helena Del Opón","68720","28"
"922","Simacota","68745","28"
"923","Socorro","68755","28"
"924","Suaita","68770","28"
"925","Sucre","68773","28"
"926","Suratá","68780","28"
"927","Tona","68820","28"
"928","Valle De San José","68855","28"
"929","Vélez","68861","28"
"930","Vetas","68867","28"
"931","Villanueva","68872","28"
"932","Zapatoca","68895","28"
"933","Sincelejo","70001","29"
"934","Buenavista","70110","29"
"935","Caimito","70124","29"
"936","Colosó","70204","29"
"937","Corozal","70215","29"
"938","Coveñas","70221","29"
"939","Chalán","70230","29"
"940","El Roble ","70233","29"
"941","Galeras","70235","29"
"942","Guaranda","70265","29"
"943","La Unión ","70400","29"
"944","Los Palmitos ","70418","29"
"945","Majagual","70429","29"
"946","Morroa","70473","29"
"947","Ovejas","70508","29"
"948","Palmito","70523","29"
"949","Sampués","70670","29"
"950","San Benito Abad","70678","29"
"951","San Juan De Betulia","70702","29"
"952","San Marcos ","70708","29"
"953","San Onofre ","70713","29"
"954","San Pedro ","70717","29"
"955","San Luis De Sincé","70742","29"
"956","Sucre","70771","29"
"957","Santiago De Tolú","70820","29"
"958","Tolú Viejo ","70823","29"
"959","Ibagué","73001","30"
"960","Alpujarra","73024","30"
"961","Alvarado","73026","30"
"962","Ambalema","73030","30"
"963","Anzoátegui","73043","30"
"964","Armero","73055","30"
"965","Ataco","73067","30"
"966","Cajamarca","73124","30"
"967","Carmen De Apicalá","73148","30"
"968","Casabianca","73152","30"
"969","Chaparral","73168","30"
"970","Coello","73200","30"
"971","Coyaima","73217","30"
"972","Cunday","73226","30"
"973","Dolores","73236","30"
"974","Espinal","73268","30"
"975","Falan","73270","30"
"976","Flandes","73275","30"
"977","Fresno","73283","30"
"978","Guamo","73319","30"
"979","Herveo","73347","30"
"980","Honda","73349","30"
"981","Icononzo","73352","30"
"982","Lérida","73408","30"
"983","Líbano","73411","30"
"984","San Sebastián De Mariquita","73443","30"
"985","Melgar","73449","30"
"986","Murillo","73461","30"
"987","Natagaima","73483","30"
"988","Ortega","73504","30"
"989","Palocabildo","73520","30"
"990","Piedras","73547","30"
"991","Planadas","73555","30"
"992","Prado","73563","30"
"993","Purificación","73585","30"
"994","Rioblanco","73616","30"
"995","Roncesvalles","73622","30"
"996","Rovira","73624","30"
"997","Saldaña","73671","30"
"998","San Antonio ","73675","30"
"999","San Luis ","73678","30"
"1000","Santa Isabel ","73686","30"
"1001","Suárez","73770","30"
"1002","Valle De San Juan","73854","30"
"1003","Venadillo","73861","30"
"1004","Villahermosa","73870","30"
"1005","Villarrica","73873","30"
"1006","Cali","76001","31"
"1007","Alcalá","76020","31"
"1008","Andalucía","76036","31"
"1009","Ansermanuevo","76041","31"
"1010","Argelia","76054","31"
"1011","Bolívar","76100","31"
"1012","Buenaventura","76109","31"
"1013","Guadalajara De Buga","76111","31"
"1014","Bugalagrande","76113","31"
"1015","Caicedonia","76122","31"
"1016","Calima","76126","31"
"1017","Candelaria","76130","31"
"1018","Cartago","76147","31"
"1019","Dagua","76233","31"
"1020","El Águila ","76243","31"
"1021","El Cairo ","76246","31"
"1022","El Cerrito ","76248","31"
"1023","El Dovio ","76250","31"
"1024","Florida","76275","31"
"1025","Ginebra","76306","31"
"1026","Guacarí","76318","31"
"1027","Jamundí","76364","31"
"1028","La Cumbre ","76377","31"
"1029","La Unión ","76400","31"
"1030","La Victoria ","76403","31"
"1031","Obando","76497","31"
"1032","Palmira","76520","31"
"1033","Pradera","76563","31"
"1034","Restrepo","76606","31"
"1035","Riofrío","76616","31"
"1036","Roldanillo","76622","31"
"1037","San Pedro ","76670","31"
"1038","Sevilla","76736","31"
"1039","Toro","76823","31"
"1040","Trujillo","76828","31"
"1041","Tuluá","76834","31"
"1042","Ulloa","76845","31"
"1043","Versalles","76863","31"
"1044","Vijes","76869","31"
"1045","Yotoco","76890","31"
"1046","Yumbo","76892","31"
"1047","Zarzal","76895","31"
"1048","Arauca","81001","3"
"1049","Arauquita","81065","3"
"1050","Cravo Norte ","81220","3"
"1051","Fortul","81300","3"
"1052","Puerto Rondón ","81591","3"
"1053","Saravena","81736","3"
"1054","Tame","81794","3"
"1055","Yopal","85001","10"
"1056","Aguazul","85010","10"
"1057","Chámeza","85015","10"
"1058","Hato Corozal ","85125","10"
"1059","La Salina ","85136","10"
"1060","Maní","85139","10"
"1061","Monterrey","85162","10"
"1062","Nunchía","85225","10"
"1063","Orocué","85230","10"
"1064","Paz De Ariporo","85250","10"
"1065","Pore","85263","10"
"1066","Recetor","85279","10"
"1067","Sabanalarga","85300","10"
"1068","Sácama","85315","10"
"1069","San Luis De Palenque","85325","10"
"1070","Támara","85400","10"
"1071","Tauramena","85410","10"
"1072","Trinidad","85430","10"
"1073","Villanueva","85440","10"
"1074","Mocoa","86001","24"
"1075","Colón","86219","24"
"1076","Orito","86320","24"
"1077","Puerto Asís ","86568","24"
"1078","Puerto Caicedo ","86569","24"
"1079","Puerto Guzmán ","86571","24"
"1080","Puerto Leguízamo ","86573","24"
"1081","Sibundoy","86749","24"
"1082","San Francisco ","86755","24"
"1083","San Miguel ","86757","24"
"1084","Santiago","86760","24"
"1085","Valle Del Guamuez","86865","24"
"1086","Villagarzón","86885","24"
"1087","San Andrés ","88001","27"
"1088","Providencia","88564","27"
"1089","Leticia","91001","1"
"1090","El Encanto ","91263","1"
"1091","La Chorrera ","91405","1"
"1092","La Pedrera ","91407","1"
"1093","La Victoria ","91430","1"
"1094","Mirití - Paraná","91460","1"
"1095","Puerto Alegría ","91530","1"
"1096","Puerto Arica ","91536","1"
"1097","Puerto Nariño ","91540","1"
"1098","Puerto Santander ","91669","1"
"1099","Tarapacá","91798","1"
"1100","Inírida","94001","16"
"1101","Barranco Minas ","94343","16"
"1102","Mapiripana","94663","16"
"1103","San Felipe ","94883","16"
"1104","Puerto Colombia ","94884","16"
"1105","La Guadalupe ","94885","16"
"1106","Cacahual","94886","16"
"1107","Pana Pana ","94887","16"
"1108","Morichal","94888","16"
"1109","San José Del Guaviare","95001","17"
"1110","Calamar","95015","17"
"1111","El Retorno ","95025","17"
"1112","Miraflores","95200","17"
"1113","Mitú","97001","32"
"1114","Carurú","97161","32"
"1115","Pacoa","97511","32"
"1116","Taraira","97666","32"
"1117","Papunahua","97777","32"
"1118","Yavaraté","97889","32"
"1119","Puerto Carreño ","99001","33"
"1120","La Primavera ","99524","33"
"1121","Santa Rosalía ","99624","33"
"1122","Cumaribo","99773","33"
